{
  "datasetUri": "datasetUri",
  "void": [
    {
      "group": "A",
      "description": "Queries for basic functionality",
      "queries": [
        {
          "description": "Determine if the endpoint is alive",
          "query": "SELECT * WHERE {?s ?p ?o} LIMIT 1",
          "label": "QA1"
        },
        {
          "description": "Determine if the endpoint supports the 1.1 SPARQL query language",
          "query": "SELECT (COUNT(*) as ?sparql1_1) WHERE { SELECT * WHERE { ?s ?p ?o } LIMIT 1 }",
          "label": "QA2"
        }
      ]
    },
    {
      "group": "B",
      "description": "Queries for dataset-level VoID statistics",
      "queries": [
        {
          "description": "Count the total number of triples",
          "query": "SELECT (COUNT(*) AS ?count)  WHERE { ?s ?p ?o }",
          "label": "QB1"
        },
        {
          "description": "Count the total number of distinct classes",
          "query": "SELECT (COUNT(DISTINCT ?o) AS ?count) WHERE { ?s a ?o }",
          "label": "QB2"
        },
        {
          "description": "Count the total number of distinct properties",
          "query": "SELECT (COUNT(DISTINCT ?p) AS ?count)  WHERE { ?s ?p ?o }",
          "label": "QB3"
        },
        {
          "description": "Count the total number of distinct subjects",
          "query": "SELECT (COUNT(DISTINCT ?s ) AS ?count)  WHERE {  ?s ?p ?o   }",
          "label": "QB4"
        },
        {
          "description": "Count the total number of distinct objects",
          "query": "SELECT (COUNT(DISTINCT ?o ) AS ?count)  WHERE {  ?s ?p ?o   }",
          "label": "QB5"
        }
      ]
    },
    {
      "group": "C",
      "description": "Queries for statistics about classes",
      "queries": [
        {
          "description": "List of classes in dataset (SPARQL 1.0)",
          "query": "SELECT ?c WHERE { ?s a ?c }",
          "label": "QC1"
        },
        {
          "description": "Number of triples per class partition",
          "query": "SELECT (COUNT(?p) AS ?count) ?c WHERE { ?s a ?c ; ?p ?o . } GROUP BY ?c",
          "label": "QC2"
        },
        {
          "description": "Number of classes per class partition",
          "query": "SELECT (COUNT(DISTINCT ?c2) AS ?count) ?c  WHERE { ?s a ?c ; a ?c2 . } GROUP BY ?c",
          "label": "QC3"
        },
        {
          "description": "Number of properties per class partition",
          "query": "SELECT (COUNT(DISTINCT ?p) AS ?count) ?c  WHERE { ?s a ?c ; ?p ?o . } GROUP BY ?c",
          "label": "QC4"
        },
        {
          "description": "Number of subjects per class partition",
          "query": "SELECT (COUNT(DISTINCT ?s) AS ?count) ?c   WHERE { ?s a ?c . } GROUP BY ?c",
          "label": "QC5"
        },
        {
          "description": "Number of objects per class partition",
          "query": "SELECT (COUNT(DISTINCT ?o) AS ?count) ?c   WHERE { ?s a ?c ; ?p ?o } GROUP BY ?c",
          "label": "QC6"
        }
      ]
    },
    {
      "group": "D",
      "description": "Queries for statistics about properties",
      "queries": [
        {
          "description": "List of properties in dataset (SPARQL 1.0)",
          "query": "SELECT ?p WHERE { ?s ?p ?o }",
          "label": "QD1"
        },
        {
          "description": "Number of triples per property partition",
          "query": "SELECT (COUNT(?o) AS ?count) ?p  WHERE { ?s ?p ?o . } GROUP BY ?p",
          "label": "QD2"
        },
        {
          "description": "Number of subjects per property partition",
          "query": "SELECT (COUNT(DISTINCT ?s) AS ?count) ?p WHERE { ?s ?p ?o . } GROUP BY ?p",
          "label": "QD3"
        },
        {
          "description": "Number of objects per property partition",
          "query": "SELECT (COUNT(DISTINCT ?o) AS ?count) ?p WHERE { ?s ?p ?o . } GROUP BY ?p",
          "label": "QD4"
        }
      ]
    },
    {
      "group": "E",
      "description": "Queries for nested property/class statistics",
      "queries": [
        {
          "description": "List of properties within class in dataset (SPARQL 1.0)",
          "query": "SELECT ?p WHERE { ?s a ?c ; ?p ?o .}",
          "label": "QE1"
        },
        {
          "description": "Number of triples per property partition inside class partition",
          "query": "SELECT (COUNT(?o) AS ?count) ?p  WHERE { ?s a ?c ; ?p ?o . } GROUP BY ?c ?p",
          "label": "QE2"
        },
        {
          "description": "Number of subjects per property partition inside class partition",
          "query": "SELECT (COUNT(DISTINCT ?s) AS ?count) ?c ?p   WHERE { ?s a ?c ; ?p ?o . } GROUP BY ?c ?p",
          "label": "QE3"
        },
        {
          "description": "Number of objects per property partition inside class partition",
          "query": "SELECT (COUNT(DISTINCT ?o) AS ?count) ?c ?p WHERE { ?s a ?c ; ?p ?o . } GROUP BY ?c ?p",
          "label": "QE4"
        }
      ]
    },
    {
      "group": "F",
      "description": "Queries for miscellaneous statistics",
      "queries": [
        {
          "description": "Number of distinct subjects IRIs",
          "query": "SELECT (COUNT(DISTINCT ?s ) AS ?count) WHERE {  ?s ?p ?o  . FILTER(isIri(?s))}",
          "label": "QF1"
        },
        {
          "description": "Number of distinct subject blank nodes",
          "query": "SELECT (COUNT(DISTINCT ?s) AS ?count) WHERE {  ?s ?p ?o  . FILTER(isBlank(?s))}",
          "label": "QF2"
        },
        {
          "description": "Number of distinct object IRIs",
          "query": "SELECT (COUNT(DISTINCT ?o ) AS ?count) WHERE {  ?s ?p ?o  . FILTER(isIri(?o))}",
          "label": "QF3"
        },
        {
          "description": "Number of distinct object literal nodes",
          "query": "SELECT (COUNT(DISTINCT ?o ) AS ?count)  WHERE {  ?s ?p ?o  . FILTER(isLiteral(?o))}",
          "label": "QF4"
        },
        {
          "description": "Number of distinct object blank nodes",
          "query": "SELECT (COUNT(DISTINCT ?o ) AS ?count)  WHERE {  ?s ?p ?o  . FILTER(isBlank(?o))}",
          "label": "QF5"
        },
        {
          "description": "Number of distinct blank nodes",
          "query": "SELECT (COUNT(DISTINCT ?b ) AS ?count)  WHERE {  { ?s ?p ?b } UNION { ?b ?p ?o } FILTER(isBlank(?b))}",
          "label": "QF6"
        },
        {
          "description": "Number of distinct IRIs",
          "query": "SELECT (COUNT(DISTINCT ?u ) AS ?count)  WHERE {  { ?u ?p ?o } UNION { ?s ?u ?o } UNION { ?s ?p ?u } FILTER(isIri(?u))}",
          "label": "QF7"
        },
        {
          "description": "Distinct RDF Nodes",
          "query": "SELECT (COUNT(DISTINCT ?n ) AS ?count)  WHERE {  { ?n ?p ?o } UNION { ?s ?n ?o } UNION { ?s ?p ?n } }",
          "label": "QF8"
        },
        {
          "description": "Schema Map Subject Type",
          "query": "SELECT (COUNT(?s) AS ?count) ?p ?sType WHERE { ?s ?p ?o ; a ?sType . } GROUP BY ?p ?sType",
          "label": "QF9"
        },
        {
          "description": "Schema Map Object Type",
          "query": "SELECT (COUNT(?o) AS ?count) ?p ?oType WHERE { ?s ?p ?o . ?o a ?oType . } GROUP BY ?p ?oType",
          "label": "QF10"
        }
      ]
    }
  ]
}
