200, 1, 2295, 18, complete, notimeout
200, 1, 1101, 12, complete, notimeout
200, 1, 13997, 14, complete, notimeout
200, 1, 106036, 16, complete, notimeout
200, 1, 314190, 17, complete, notimeout
200, 1, 68168, 11641, complete, notimeout
200, 1, 20908, 10600, complete, notimeout
200, 1, 302437, 11009, complete, notimeout
200, 1, 18763, 11201, complete, notimeout
200, 1, 1006789, 11540, complete, notimeout
200, 1, 17913, 1640043, complete, notimeout
200, 1, 213137, 1638002, complete, notimeout
200, 1, 372931, 1633802, complete, notimeout
200, 1, 367707, 6152967, complete, notimeout
200, 1, 2708861, 11612776, complete, notimeout
200, 1, 1495282, 11598271, complete, notimeout
200, 1, 361447, 11618188, complete, notimeout
error, 1, 669, 0, noresult, timeout
200, 1, 179, 16, complete, notimeout
200, 1, 3346, 18, complete, notimeout
200, 1, 3960, 18, complete, notimeout
200, 1, 6515, 18, complete, notimeout
200, 1, 1997, 11334, complete, notimeout
200, 1, 40474, 11641, complete, notimeout
200, 1, 332, 11201, complete, notimeout
200, 1, 42187, 11641, complete, notimeout
200, 1, 9131, 1640043, complete, notimeout
200, 1, 9773, 1640043, complete, notimeout
200, 1, 231014, 11618184, complete, notimeout
200, 1, 222950, 11618184, complete, notimeout
